filename,document_type
certificate1 (1).jpg,Certificate
certificate1 (10).jpg,Certificate
certificate1 (11).jpg,Certificate
certificate1 (12).jpg,Certificate
certificate1 (13).jpg,Certificate
certificate1 (14).jpg,Certificate
certificate1 (15).jpg,Certificate
certificate1 (16).jpg,Certificate
certificate1 (17).jpg,Certificate
certificate1 (18).jpg,Certificate
certificate1 (19).jpg,Certificate
certificate1 (2).jpg,Certificate
certificate1 (20).jpg,Certificate
certificate1 (21).jpg,Certificate
certificate1 (22).jpg,Certificate
certificate1 (23).jpg,Certificate
certificate1 (24).jpg,Certificate
certificate1 (25).jpg,Certificate
certificate1 (26).jpg,Certificate
certificate1 (27).jpg,Certificate
certificate1 (28).jpg,Certificate
certificate1 (29).jpg,Certificate
certificate1 (3).jpg,Certificate
certificate1 (30).jpg,Certificate
certificate1 (31).jpg,Certificate
certificate1 (32).jpg,Certificate
certificate1 (33).jpg,Certificate
certificate1 (34).jpg,Certificate
certificate1 (35).jpg,Certificate
certificate1 (36).jpg,Certificate
certificate1 (37).jpg,Certificate
certificate1 (38).jpg,Certificate
certificate1 (39).jpg,Certificate
certificate1 (4).jpg,Certificate
certificate1 (40).jpg,Certificate
certificate1 (41).jpg,Certificate
certificate1 (42).jpg,Certificate
certificate1 (43).jpg,Certificate
certificate1 (44).jpg,Certificate
certificate1 (45).jpg,Certificate
certificate1 (46).jpg,Certificate
certificate1 (47).jpg,Certificate
certificate1 (48).jpg,Certificate
certificate1 (49).jpg,Certificate
certificate1 (5).jpg,Certificate
certificate1 (50).jpg,Certificate
certificate1 (6).jpg,Certificate
certificate1 (7).jpg,Certificate
certificate1 (8).jpg,Certificate
certificate1 (9).jpg,Certificate
idcrd1 (1).jpg,ID_Card
idcrd1 (1).png,ID_Card
idcrd1 (10).jpg,ID_Card
idcrd1 (11).jpg,ID_Card
idcrd1 (12).jpg,ID_Card
idcrd1 (13).jpg,ID_Card
idcrd1 (14).jpg,ID_Card
idcrd1 (15).jpg,ID_Card
idcrd1 (16).jpg,ID_Card
idcrd1 (17).jpg,ID_Card
idcrd1 (18).jpg,ID_Card
idcrd1 (19).jpg,ID_Card
idcrd1 (2).jpg,ID_Card
idcrd1 (2).png,ID_Card
idcrd1 (20).jpg,ID_Card
idcrd1 (21).jpg,ID_Card
idcrd1 (22).jpg,ID_Card
idcrd1 (23).jpg,ID_Card
idcrd1 (24).jpg,ID_Card
idcrd1 (25).jpg,ID_Card
idcrd1 (26).jpg,ID_Card
idcrd1 (27).jpg,ID_Card
idcrd1 (28).jpg,ID_Card
idcrd1 (29).jpg,ID_Card
idcrd1 (3).jpg,ID_Card
idcrd1 (3).png,ID_Card
idcrd1 (30).jpg,ID_Card
idcrd1 (31).jpg,ID_Card
idcrd1 (32).jpg,ID_Card
idcrd1 (33).jpg,ID_Card
idcrd1 (34).jpg,ID_Card
idcrd1 (35).jpg,ID_Card
idcrd1 (36).jpg,ID_Card
idcrd1 (37).jpg,ID_Card
idcrd1 (38).jpg,ID_Card
idcrd1 (39).jpg,ID_Card
idcrd1 (4).jpg,ID_Card
idcrd1 (4).png,ID_Card
idcrd1 (40).jpg,ID_Card
idcrd1 (41).jpg,ID_Card
idcrd1 (42).jpg,ID_Card
idcrd1 (43).jpg,ID_Card
idcrd1 (44).jpg,ID_Card
idcrd1 (45).jpg,ID_Card
idcrd1 (46).jpg,ID_Card
idcrd1 (5).jpg,ID_Card
idcrd1 (6).jpg,ID_Card
idcrd1 (7).jpg,ID_Card
idcrd1 (8).jpg,ID_Card
idcrd1 (9).jpg,ID_Card
invoice1 (1).jpg,Invoice
invoice1 (10).jpg,Invoice
invoice1 (11).jpg,Invoice
invoice1 (12).jpg,Invoice
invoice1 (13).jpg,Invoice
invoice1 (14).jpg,Invoice
invoice1 (15).jpg,Invoice
invoice1 (16).jpg,Invoice
invoice1 (17).jpg,Invoice
invoice1 (18).jpg,Invoice
invoice1 (19).jpg,Invoice
invoice1 (2).jpg,Invoice
invoice1 (20).jpg,Invoice
invoice1 (21).jpg,Invoice
invoice1 (22).jpg,Invoice
invoice1 (23).jpg,Invoice
invoice1 (24).jpg,Invoice
invoice1 (25).jpg,Invoice
invoice1 (26).jpg,Invoice
invoice1 (27).jpg,Invoice
invoice1 (28).jpg,Invoice
invoice1 (29).jpg,Invoice
invoice1 (3).jpg,Invoice
invoice1 (30).jpg,Invoice
invoice1 (31).jpg,Invoice
invoice1 (32).jpg,Invoice
invoice1 (33).jpg,Invoice
invoice1 (34).jpg,Invoice
invoice1 (35).jpg,Invoice
invoice1 (36).jpg,Invoice
invoice1 (37).jpg,Invoice
invoice1 (38).jpg,Invoice
invoice1 (39).jpg,Invoice
invoice1 (4).jpg,Invoice
invoice1 (40).jpg,Invoice
invoice1 (41).jpg,Invoice
invoice1 (42).jpg,Invoice
invoice1 (43).jpg,Invoice
invoice1 (44).jpg,Invoice
invoice1 (45).jpg,Invoice
invoice1 (46).jpg,Invoice
invoice1 (47).jpg,Invoice
invoice1 (48).jpg,Invoice
invoice1 (49).jpg,Invoice
invoice1 (5).jpg,Invoice
invoice1 (50).jpg,Invoice
invoice1 (6).jpg,Invoice
invoice1 (7).jpg,Invoice
invoice1 (8).jpg,Invoice
invoice1 (9).jpg,Invoice
resume1 (1).jpg,Resume
resume1 (1).png,Resume
resume1 (10).jpg,Resume
resume1 (11).jpg,Resume
resume1 (12).jpg,Resume
resume1 (13).jpg,Resume
resume1 (14).jpg,Resume
resume1 (15).jpg,Resume
resume1 (16).jpg,Resume
resume1 (17).jpg,Resume
resume1 (18).jpg,Resume
resume1 (19).jpg,Resume
resume1 (2).jpg,Resume
resume1 (2).png,Resume
resume1 (20).jpg,Resume
resume1 (21).jpg,Resume
resume1 (22).jpg,Resume
resume1 (23).jpg,Resume
resume1 (24).jpg,Resume
resume1 (25).jpg,Resume
resume1 (26).jpg,Resume
resume1 (27).jpg,Resume
resume1 (28).jpg,Resume
resume1 (29).jpg,Resume
resume1 (3).jpg,Resume
resume1 (3).png,Resume
resume1 (30).jpg,Resume
resume1 (31).jpg,Resume
resume1 (32).jpg,Resume
resume1 (4).jpg,Resume
resume1 (4).png,Resume
resume1 (46).jpg,Resume
resume1 (47).jpg,Resume
resume1 (48).jpg,Resume
resume1 (49).jpg,Resume
resume1 (5).jpg,Resume
resume1 (50).jpg,Resume
resume1 (51).jpg,Resume
resume1 (52).jpg,Resume
resume1 (53).jpg,Resume
resume1 (54).jpg,Resume
resume1 (55).jpg,Resume
resume1 (56).jpg,Resume
resume1 (57).jpg,Resume
resume1 (58).jpg,Resume
resume1 (6).jpg,Resume
resume1 (6).png,Resume
resume1 (7).jpg,Resume
resume1 (8).jpg,Resume
resume1 (9).jpg,Resume
